Sequence,Start,End,Modification,% incorp 3s,% incorp 30s,% incorp 300s
LTKDDEL,4,10,,28.48,28.59,28.65
LTKDDELEG,4,12,,29.52,30.85,31.68
EIREAVSKGKWNDSESE,16,32,,28.65,38.99,44.31
IREAVSKGKWNDSESE,17,32,,27.27,34.05,37.09
IREAVSKGKWNDSESE,17,32,Phosphoryl STY (15),30.35,36.3,36.29
IREAVSKGKWNDSESE,17,32,Phosphoryl STY (1),25.96,36.67,40.4
IREAVSKGKWNDSESEN,17,33,,28.24,35.27,38.27
AVSKGKWNDSESE,20,32,,36.55,38.1,37.98
AVSKGKWNDSESEN,20,33,,36.94,39.04,38.85
VEQLQAANL,34,42,,24.47,44.25,52.28
QAANLDE,38,44,,13.54,31.41,43.75
PIAKGCN,50,56,,34.21,38.2,43.05
NAVVYSAKLKNVQS,56,69,Phosphoryl STY (5),22.57,28.2,32.69
AVVYSAKLKNVQSNKLAHQ,57,75,,24.51,29.57,33.01
YSAKLKNVQSNKLAHQLA,60,77,,19.96,26.62,30.59
SAKLKNVQSNKLAHQLA,61,77,,24.43,31.22,34.7
NVQSNKL,66,72,Phosphoryl STY (4),7.31,21.92,31.76
KNVQSNKLAHQLA,65,77,,26.36,30.57,32.09
MFNYDVESNSTAIL,81,94,Phosphoryl STY (8),30.81,36.72,36.07
MYRETVPAMSY,97,107,Phosphoryl STY (5),36.64,44.81,44.54
NIENISD,115,121,,50.94,50.77,50.45
RLPPHPNIVRMY,125,136,Phosphoryl STY (12),25.6,33.23,40.33
CNKQLYPEALP,148,158,,5.73,18.17,29.65
PEALPPRINPEGSGRN,154,169,,47.74,48.58,46.93
RINPEGSGRNMSLFLVMK,160,177,Phosphoryl STY (12),11.22,12.84,13.64
KEYLRDKTPNM,184,194,Phosphoryl STY (8),13.83,17.33,19.7
KEYLRDKTPNMR,184,195,,20.92,29.22,32.74
KEYLRDKTPNMRS,184,196,Phosphoryl STY (8),19.32,25.77,28.77
YLRDKTPNM,186,194,Phosphoryl STY (6),20.11,24.49,28.27
YLRDKTPNMRS,186,196,Phosphoryl STY (6),23.88,32.48,35.97
VDLSEGDAYPTIVITDF,228,244,,10.83,17.83,20.09
PTIVITD,237,243,,5.5,13.22,13.26
LCDKQNG,248,254,,36.64,37.52,36.82
PYRSEDQDKGGN,258,269,,28.51,32.62,36.88
PEIANAKPGT,275,284,,43.15,54.16,64.47
APEIANAKPGTFSW,274,287,,27.6,34.69,34.09
EIANAKPGTF,276,285,,36.19,44.94,51.87
NAKPGTF,279,285,,50.17,49.05,49.7
TFSWLNYKKSDLW,284,296,,26.94,35.06,38.82
LNYKKSDLWAVGA,288,300,Phosphoryl STY (3),31.42,38.64,43.19
AIAYEIFNIDNP,300,311,Phosphoryl STY (4),32.74,39.19,38.29
LSKSYKEEDL,320,329,,19.79,25.34,29.89
SKSYKEEDLP,321,330,"Phosphoryl STY (1),Phosphoryl STY (3)",18.44,28.86,32.12
KSYKEEDLPE,322,331,Phosphoryl STY (2),20.96,32.72,35.33
EDLPELPDTIPFIIRN,327,342,,22.61,28.26,31.08
LPELPDTIPFIIRN,329,342,,21.99,26.33,27.31
PELPDTIPFIIRNLVSNM,330,347,,13.78,15.62,16.02
PDTIPFIIRNLVS,333,345,,14.47,14.78,16.72
TIPFIIRNL,335,343,Phosphoryl STY (1),5.37,21.06,32.23
IPFIIRN,336,342,,12.93,18.14,23.03
LSRSTNKRLDC,348,358,,14.32,17.2,23.04
SRSTNKRLDC,349,358,,14.45,18.42,24.14
LSRSTNKRLDCDV,348,360,,8.47,12.52,20.13
LSRSTNKRLDCDVA,348,361,,7.28,10.91,17.89
LSRSTNKRLDCDVAAT,348,363,,6.97,10.34,16.75
VAATVAQLYLW,360,370,Phosphoryl STY (9),14.19,16.69,22.59
YLWAPSSWLK,368,377,Phosphoryl STY (1),18.21,22.1,29.55
WLKENYTLPNSNE,375,387,Phosphoryl STY (6),34.27,38.52,39.84
LKENYTLPNSNE,376,387,Phosphoryl STY (5),38.24,44.33,43.76
IIQWLLC,388,394,,0.51,0.93,0.45
NEIIQWLLCLSSK,386,398,,20.83,25.02,25.78
SSKVLCE,396,402,,25.63,41.79,47.63
CERDITARNKTNT,401,413,,44.56,45.28,44.52
CERDITARNKTNTMSE,401,416,Phosphoryl STY (11),42.77,43.3,43.26
ITARNKTNTMSE,405,416,Phosphoryl STY (9),15.73,19.93,23.55
KGRRSLPEYELIASF,424,438,Phosphoryl STY (9),18.99,29.74,31.13
PEYELIASFLR,430,440,"Phosphoryl STY (3),Phosphoryl STY (8)",7.63,9.87,12.74
HLVRKGLKWIQE,445,456,,2.04,2.34,3.36
VRKGLKWIQE,447,456,,1.3,1.39,1.56
