Sequence,Start,End,Modification,3s,30s,300s
LTKDDEL,4,10,,28.72,28.42,27.87
LTKDDELEG,4,12,,29.73,31.33,31.03
EIREAVSKGKWNDSESE,16,32,,28.79,37.6,43.54
IREAVSKGKWNDSESE,17,32,,27.6,33.02,35.77
IREAVSKGKWNDSESE,17,32,Phosphoryl STY (15),31.74,36.76,36.56
IREAVSKGKWNDSESE,17,32,Phosphoryl STY (1),26.84,35.47,38.91
IREAVSKGKWNDSESEN,17,33,,28.48,33.85,36.77
AVSKGKWNDSESE,20,32,,36.23,36.89,36.44
AVSKGKWNDSESEN,20,33,,36.74,37.59,37.02
VEQLQAANL,34,42,,23.42,39.74,49.6
QAANLDE,38,44,,12.37,26.99,41.49
PIAKGCN,50,56,,30.25,33.84,39.36
NAVVYSAKLKNVQS,56,69,Phosphoryl STY (5),23.06,27.39,30.35
AVVYSAKLKNVQSNKLAHQ,57,75,,24.74,28.17,31.13
YSAKLKNVQSNKLAHQLA,60,77,,18.39,24.36,28.19
SAKLKNVQSNKLAHQLA,61,77,,24.46,29.2,34.03
NVQSNKL,66,72,Phosphoryl STY (4),11.45,26.56,31.52
KNVQSNKLAHQLA,65,77,,26.4,28.51,31.17
MFNYDVESNSTAIL,81,94,Phosphoryl STY (8),15.65,25.13,35
MYRETVPAMSY,97,107,Phosphoryl STY (5),17.9,29.69,44.19
NIENISD,115,121,,51.19,50.41,49.9
RLPPHPNIVRMY,125,136,Phosphoryl STY (12),27.9,35.32,40.65
CNKQLYPEALP,148,158,,6.44,19.92,32.25
PEALPPRINPEGSGRN,154,169,,16.51,30.73,47.81
RINPEGSGRNMSLFLVMK,160,177,Phosphoryl STY (12),10.02,12.34,13.34
KEYLRDKTPNM,184,194,Phosphoryl STY (8),15.59,18.53,20.08
KEYLRDKTPNMR,184,195,,21.86,30.26,33.13
KEYLRDKTPNMRS,184,196,Phosphoryl STY (8),20.96,27.25,28.84
YLRDKTPNM,186,194,Phosphoryl STY (6),22.51,26.37,28.46
YLRDKTPNMRS,186,196,Phosphoryl STY (6),25.39,31.86,33.26
VDLSEGDAYPTIVITDF,228,244,,11.3,13,18.09
PTIVITD,237,243,,6.08,11.52,12.33
LCDKQNG,248,254,,37.29,37.27,36.69
PYRSEDQDKGGN,258,269,,28.96,34.14,37.3
PEIANAKPGT,275,284,,45.08,57.17,66.33
APEIANAKPGTFSW,274,287,,28.63,31.65,33.36
EIANAKPGTF,276,285,,36.89,45.58,51.53
NAKPGTF,279,285,,49.55,49.01,48.54
TFSWLNYKKSDLW,284,296,,27.34,34.18,37.26
LNYKKSDLWAVGA,288,300,Phosphoryl STY (3),27.38,34.61,41.1
AIAYEIFNIDNP,300,311,Phosphoryl STY (4),34.45,40.12,39.61
LSKSYKEEDL,320,329,,20.44,25.73,29.43
SKSYKEEDLP,321,330,"Phosphoryl STY (1),Phosphoryl STY (3)",16.12,26.33,30.2
KSYKEEDLPE,322,331,Phosphoryl STY (2),18.6,28.87,34.85
EDLPELPDTIPFIIRN,327,342,,24.61,28.24,30.52
LPELPDTIPFIIRN,329,342,,21.48,26.18,28.42
PELPDTIPFIIRNLVSNM,330,347,,13.2,15.35,16.52
PDTIPFIIRNLVS,333,345,,14.04,14.69,17.04
TIPFIIRNL,335,343,Phosphoryl STY (1),6.36,23.67,32.78
IPFIIRN,336,342,,12.14,17.25,23.3
LSRSTNKRLDC,348,358,,14.64,17.76,24.07
SRSTNKRLDC,349,358,,14.77,18.8,24.85
LSRSTNKRLDCDV,348,360,,9.12,13.2,20.83
LSRSTNKRLDCDVA,348,361,,7.91,11.53,18.91
LSRSTNKRLDCDVAAT,348,363,,7.64,10.87,17.58
VAATVAQLYLW,360,370,Phosphoryl STY (9),14.75,17.57,23.37
YLWAPSSWLK,368,377,Phosphoryl STY (1),19.33,23.74,30.9
WLKENYTLPNSNE,375,387,Phosphoryl STY (6),33.93,38.56,40.65
LKENYTLPNSNE,376,387,Phosphoryl STY (5),39.13,45.1,44.99
IIQWLLC,388,394,,1.18,2.58,2.45
NEIIQWLLCLSSK,386,398,,20.96,25,26.26
SSKVLCE,396,402,,26.29,40.59,48.15
CERDITARNKTNT,401,413,,44.88,44.3,44.07
CERDITARNKTNTMSE,401,416,Phosphoryl STY (11),43.49,43.54,43.31
ITARNKTNTMSE,405,416,Phosphoryl STY (9),17.27,19.42,22.73
KGRRSLPEYELIASF,424,438,Phosphoryl STY (9),20.66,30.33,31.84
PEYELIASFLR,430,440,"Phosphoryl STY (3),Phosphoryl STY (8)",9.28,11.23,12.46
HLVRKGLKWIQE,445,456,,2.1,2.25,3.49
VRKGLKWIQE,447,456,,1.18,1.27,1.63
